severity,confidence,category,rule_id,file,line,title,cwe,exploit,breaker,remediation,snippet
critical,high,AUTH_BYPASS,AD-AUTH-001,magicapp/routes.py,75,Credential read from the request and never verified,CWE-287|CWE-308,Log in as any existing username with an arbitrary password. The instance grants `login_post()`'s full session.,"None. The checker authenticates with its real credentials, so this invisible to scoring and must be found by review.",Verify the submitted credential against a stored hash.,"def login_post(): if 'logged' in session and session['logged']: return redirect(url_for('startscreen')) username = request.form.get('username') password = request.form.get('password') user = db.get_user_by_name(username) if user: user_id = user[0] session['user_id'] = user_id session['logged'] = True session['username'] = user[1] next_page = request.args.get('next') if next_page: return redirect(next_page) return redirect(url_for('startscreen')) return redirect(url_for('login', err=1)) @app.rout"
critical,high,WEAK_CRYPTO,AD-CRYPTO-004,magicapp/routes.py,47,Password persisted without a hash,CWE-256|CWE-312,"Reach the datastore, dump the table, log in as any team.","None for the checker, which uses correct credentials. But combined with any read primitive this is a total compromise of the instance.",Hash with bcrypt/argon2/scrypt and a per-user salt before storing.,"def register_post(): if 'logged' in session and session['logged']: return redirect(url_for('startscreen')) username = request.form.get('username') password = request.form.get('password') magic_word = request.form.get('magicword') if db.get_user_by_name(username) != None: return redirect(url_for('register', err=1)) user_id = db.insert_user(username, password, magic_word) if user_id: if isinstance(user_id, tuple): user_id = user_id[0] session['user_id'] = user_id session['logged'] = True session['"
critical,high,WEAK_CRYPTO,AD-CRYPTO-004,magicapp/sql.py,54,Password persisted without a hash,CWE-256|CWE-312,"Reach the datastore, dump the table, log in as any team.","None for the checker, which uses correct credentials. But combined with any read primitive this is a total compromise of the instance.",Hash with bcrypt/argon2/scrypt and a per-user salt before storing.,"def insert_user(self, username, password, magicword): results = None with self.conn.cursor() as cursor: cursor.execute(""INSERT INTO magic (username, password, magicword) VALUES (%s, %s, %s) RETURNING id"", (username, password, magicword )) results = cursor.fetchone()[0] return results"
high,medium,AUTH_BYPASS,AD-AUTH-003,config.py,9,Session/cookie store key hardcoded,CWE-798|CWE-347,Forge a session cookie carrying another user's id.,"None for the checker, which uses real credentials.","Load the secret from the environment, rotate per deployment.","import os from dotenv import load_dotenv basedir = os.path.abspath(os.path.dirname(__file__)) load_dotenv(os.path.join(basedir, '.env')) class Config(object): SECRET_KEY = os.environ.get('SECRET_KEY') or 'you-will-never-guess' POSTGRES_CONNECT = os.environ.get('POSTGRES_CONNECT') or 'lol' SESSION_PERMANENT = False SESSION_TYPE = 'filesystem'"
high,medium,AUTH_BYPASS,AD-AUTH-003,magicapp/config.py,9,Session/cookie store key hardcoded,CWE-798|CWE-347,Forge a session cookie carrying another user's id.,"None for the checker, which uses real credentials.","Load the secret from the environment, rotate per deployment.","import os from dotenv import load_dotenv basedir = os.path.abspath(os.path.dirname(__file__)) load_dotenv(os.path.join(basedir, '.env')) class Config(object): SECRET_KEY = os.environ.get('SECRET_KEY') or 'you-will-never-guess' POSTGRES_CONNECT = os.environ.get('POSTGRES_CONNECT') or 'lol' SESSION_PERMANENT = False SESSION_TYPE = 'filesystem'"
high,medium,INFO_LEAK,AD-LEAK-003,magicapp/sql.py,27,Unscoped SELECT * returns credential-bearing rows,CWE-200,GET the listing and enumerate every team's data.,Large result sets can time the instance out.,Paginate and scope listings to the caller.,"self.conn.cursor() as cursor: cursor.execute(open(""magicapp/schema.sql"", ""r"").read()) def get_all_users(self): results = [] with self.conn.cursor() as cursor: cursor.execute(""SELECT * FROM magic"") results = cursor.fetchall() if results == [] or results[0] == []: results = None return results def get_user_by_id(self, userid): try: with self.c"
high,medium,INFO_LEAK,AD-LEAK-003,magicapp/sql.py,36,Unscoped SELECT * returns credential-bearing rows,CWE-200,GET the listing and enumerate every team's data.,Large result sets can time the instance out.,Paginate and scope listings to the caller.,"if results == [] or results[0] == []: results = None return results def get_user_by_id(self, userid): try: with self.conn.cursor() as cursor: cursor.execute(""SELECT * FROM magic WHERE id = %s"", (userid,)) result = cursor.fetchone() return result except Exception as e: logger.error(f""Error getting user by id {userid}: {e}"") return"
high,high,INFO_LEAK,AD-LEAK-003,magicapp/sql.py,46,Unscoped SELECT * returns credential-bearing rows,CWE-200,GET the listing and enumerate every team's data.,Large result sets can time the instance out.,Paginate and scope listings to the caller.,"logger.error(f""Error getting user by id {userid}: {e}"") return None def get_user_by_name(self, username): try: with self.conn.cursor() as cursor: cursor.execute(""SELECT * FROM magic WHERE username = %s"", (username,)) result = cursor.fetchone() app.logger.debug(f""DB query result for {username}: {result}"") return result # Возвращает кортеж или None"
medium,medium,INFO_LEAK,AD-LEAK-001,run.py,4,Debug flag or verbose error surface enabled,CWE-209,Send malformed input and read the error body.,None.,Disable debug output in deployed configuration.,"from magicapp import app if __name__ == '__main__': app.run(debug=True, host='0.0.0.0', port=1337)"
low,high,RATE_LIMIT_MISSING,AD-GEN-001,magicapp/routes.py,64,No rate limiting / lockout on an authentication endpoint,CWE-307,Brute-force the checker's random username/password pair.,Brute force can lock the instance out of its own account.,Throttle per source address; do not permanently lock.,"isinstance(user_id, tuple): user_id = user_id[0] session['user_id'] = user_id session['logged'] = True session['username'] = username return redirect(url_for('startscreen')) @app.route('/login', methods=['GET']) def login(): if 'logged' in session and session['logged']: return redirect(url_for('index')) return render_template('auth.html', err=request.args.get('err')) @app.route('/login', meth"
low,high,RATE_LIMIT_MISSING,AD-GEN-001,magicapp/routes.py,70,No rate limiting / lockout on an authentication endpoint,CWE-307,Brute-force the checker's random username/password pair.,Brute force can lock the instance out of its own account.,Throttle per source address; do not permanently lock.,"en')) @app.route('/login', methods=['GET']) def login(): if 'logged' in session and session['logged']: return redirect(url_for('index')) return render_template('auth.html', err=request.args.get('err')) @app.route('/login', methods=['POST']) def login_post(): if 'logged' in session and session['logged']: return redirect(url_for('startscreen')) username = request.form.get('username') password = request.form.get('passwo"
low,high,OPEN_REDIRECT,AD-GEN-002,magicapp/routes.py,1,Redirect target taken from the request,CWE-601,Craft a link that bounces participants to an attacker page.,None.,Validate redirect targets against an allow-list.,"from flask import session, render_template, url_for, redirect, request, render_template_string, make_response, send_file, flash, jsonify from magicapp import app, db from flask_session import Session import json import base64 from itertools import cycle from functools import wraps def log"
